{
    "produtos": [
      {
        "id": 1,
        "id_artesao": 1,
        "nome": "Pingente Pombo Espírito Santo Resina e Pinus branco",
        "descricao": "Lindo pingente decorativo com o Pombo Espírito Santo em resina e a estrela em Pinus, branco com o tasssel na ponta e com o cordão em rami para manter o toque rústico e sofisticado.",
        "preco": 30.67,
        "imagem_produto": "images/product/produto-1-view-all.jpeg",
        "foto_artesao": "https://exemplo.com/foto1.jpg"
      },
      {
        "id": 2,
        "id_artesao": 1,
        "nome": "Crucifixo Pingente dourado",
        "descricao": "Lindo crucifixo com acabamento em strass para decorações de terços, lembranças, acessórios e brindes especiais!",
        "preco": 15.55,
        "imagem_produto": "images/product/produto-5-view-all.jpeg",
        "foto_artesao": "https://exemplo.com/foto1.jpg"
      },
      {
        "id": 3,
        "id_artesao": 1,
        "nome": "Colar de madeira Decorativo 1 metro Vinho - Centro de mesa ou Presente Elegante",
        "descricao": "Um colar de madeira decorativo de 1 metro na cor vinho, ideal como centro de mesa ou presente elegante.",
        "preco": 12.98,
        "imagem_produto": "images/product/produto-7-view-all.jpeg",
        "foto_artesao": "https://exemplo.com/foto1.jpg"
      },
      {
        "id": 4,
        "id_artesao": 1,
        "nome": "Caixa de MDF MÃE 17x17x07 cm",
        "descricao": "Uma caixa de MDF de 17x17x07 cm com o tema MÃE, perfeita para presentes ou decoração.",
        "preco": 20.00,
        "imagem_produto": "images/product/produto-2-view-all.jpeg",
        "foto_artesao": "https://exemplo.com/foto1.jpg"
      },
      {
        "id": 5,
        "id_artesao": 1,
        "nome": "Vaso De Porcelana Floresça Com Perninhas - 6 cm. - Branco",
        "descricao": "Um vaso de porcelana branco de 6 cm com perninhas, decorado com o tema Floresça.",
        "preco": 8.99,
        "imagem_produto": "images/product/produto-3-view-all.jpeg",
        "foto_artesao": "https://exemplo.com/foto1.jpg"
      },
      {
        "id": 6,
        "id_artesao": 1,
        "nome": "Caixa mdf coração vazado laser Você é especial - 11 cm",
        "descricao": "Uma caixa de MDF de 11 cm com um coração vazado a laser na tampa e a inscrição Você é especial, perfeita para presentes ou decoração.",
        "preco": 25.00,
        "imagem_produto": "images/product/produto-4-view-all.jpeg",
        "foto_artesao": "https://exemplo.com/foto1.jpg"
      },
      {
        "id": 7,
        "id_artesao": 2,
        "nome": "Quadro de Pintura a Óleo",
        "descricao": "Um quadro pintado à mão com técnicas de óleo, representando uma pequena casa de madeira em uma pequeno vilarejo.",
        "preco": 80.00,
        "imagem_produto": "images/product/produto-8-view-all.jpeg",
        "foto_artesao": "https://exemplo.com/foto2.jpg"
      },
      {
        "id": 8,
        "id_artesao": 2,
        "nome": "Vaso de Cerâmica Decorativo",
        "descricao": "Um vaso artesanal feito de cerâmica, com detalhes e pinturas incríveis, perfeito para adornar sua sala de estar.",
        "preco": 45.99,
        "imagem_produto": "images/product/produto-9-view-all.jpeg",
        "foto_artesao": "https://exemplo.com/foto2.jpg"
      },
      {
        "id": 9,
        "id_artesao": 2,
        "nome": "Escultura em Madeira Entalhada",
        "descricao": "Uma escultura em madeira entalhada à mão, representando uma figura abstrata.",
        "preco": 60.00,
        "imagem_produto": "images/product/produto-1-view-all.jpeg",
        "foto_artesao": "https://exemplo.com/foto2.jpg"
      },
      {
        "id": 10,
        "id_artesao": 2,
        "nome": "Conjunto de Canecas de Cerâmica",
        "descricao": "Um conjunto de canecas feitas de cerâmica, com detalhes pintados à mão.",
        "preco": 35.00,
        "imagem_produto": "images/product/produto-1-view-all.jpeg",
        "foto_artesao": "https://exemplo.com/foto2.jpg"
      },
      {
        "id": 11,
        "id_artesao": 2,
        "nome": "Tapete de Tear Manual",
        "descricao": "Um tapete tecido manualmente em tear, com padrões geométricos coloridos.",
        "preco": 65.00,
        "imagem_produto": "images/product/produto-1-view-all.jpeg",
        "foto_artesao": "https://exemplo.com/foto2.jpg"
      }
    ]
  }
  